-- country
INSERT INTO public.country (country_id, country) VALUES ('CA', 'Canada');
INSERT INTO public.country (country_id, country) VALUES ('US', 'United States');
INSERT INTO public.country (country_id, country) VALUES ('DE', 'Germany');
INSERT INTO public.country (country_id, country) VALUES ('FI', 'Finland');
INSERT INTO public.country (country_id, country) VALUES ('SE', 'Sweden');
INSERT INTO public.country (country_id, country) VALUES ('FR', 'France');

--city
INSERT INTO public.city (city_id, city, latitude, longitude, country_id) VALUES ('c3x297y1q2', 'Edmonton', 53.546206, -113.491241, 'CA');
INSERT INTO public.city (city_id, city, latitude, longitude, country_id) VALUES ('c3nfkksj41', 'Calgary', 51.046095, -114.065465, 'CA');
INSERT INTO public.city (city_id, city, latitude, longitude, country_id) VALUES ('c2b2nrxjku', 'Vancouver', 49.260872, -123.113952, 'CA');
INSERT INTO public.city (city_id, city, latitude, longitude, country_id) VALUES ('dpz83df7un', 'Toronto', 43.653482, -79.383935, 'CA');
INSERT INTO public.city (city_id, city, latitude, longitude, country_id) VALUES ('dr5regw2yf', 'New York', 40.712728, -74.006015, 'US');
INSERT INTO public.city (city_id, city, latitude, longitude, country_id) VALUES ('9qce7r6ygp', 'Sacramento', 38.581061, -121.493895, 'US');
INSERT INTO public.city (city_id, city, latitude, longitude, country_id) VALUES ('u281z7hfvz', 'Munich', 48.137108, 11.575382, 'DE');
INSERT INTO public.city (city_id, city, latitude, longitude, country_id) VALUES ('ud9wr94v00', 'Helsinki', 60.167488, 24.942747, 'FI');
INSERT INTO public.city (city_id, city, latitude, longitude, country_id) VALUES ('u33db8mmzj', 'Berlin', 52.517037, 13.388860, 'DE');
INSERT INTO public.city (city_id, city, latitude, longitude, country_id) VALUES ('u6sc7pycz5', 'Stokholm', 59.325117, 18.071094, 'SE');
INSERT INTO public.city (city_id, city, latitude, longitude, country_id) VALUES ('u09tvmw01r', 'Paris', 48.853495, 2.348392, 'FR');

--precipitation_type
INSERT INTO public.precipitation_type (precipitation_status_id, precipitation_state) VALUES (0, 'None');
INSERT INTO public.precipitation_type (precipitation_status_id, precipitation_state) VALUES (1, 'Rain');
INSERT INTO public.precipitation_type (precipitation_status_id, precipitation_state) VALUES (2, 'Rain and snow mixed');
INSERT INTO public.precipitation_type (precipitation_status_id, precipitation_state) VALUES (3, 'Snow');
INSERT INTO public.precipitation_type (precipitation_status_id, precipitation_state) VALUES (4, 'Sleet');
INSERT INTO public.precipitation_type (precipitation_status_id, precipitation_state) VALUES (5, 'Freezing rain');
INSERT INTO public.precipitation_type (precipitation_status_id, precipitation_state) VALUES (7, 'Hail');

-- weather_status
INSERT INTO public.weather_status (weather_status_id, weather_state) VALUES (0, 'No significant weather observed');
INSERT INTO public.weather_status (weather_status_id, weather_state) VALUES (1, 'Clouds generally dissolving or becoming less developed');
INSERT INTO public.weather_status (weather_status_id, weather_state) VALUES (2, 'State of sky on the whole unchanged');
INSERT INTO public.weather_status (weather_status_id, weather_state) VALUES (3, 'Clouds generally forming or developing');
INSERT INTO public.weather_status (weather_status_id, weather_state) VALUES (4, 'Haze or smoke, or dust in suspension in the air, visibility >= 1 km');
INSERT INTO public.weather_status (weather_status_id, weather_state) VALUES (5, 'Haze or smoke, or dust in suspension in the air, visibility < 1 km');
INSERT INTO public.weather_status (weather_status_id, weather_state) VALUES (6, 'MISC');
INSERT INTO public.weather_status (weather_status_id, weather_state) VALUES (7, 'MISC');
INSERT INTO public.weather_status (weather_status_id, weather_state) VALUES (8, 'MISC');
INSERT INTO public.weather_status (weather_status_id, weather_state) VALUES (9, 'MISC');
INSERT INTO public.weather_status (weather_status_id, weather_state) VALUES (10, 'Mist');
INSERT INTO public.weather_status (weather_status_id, weather_state) VALUES (11, 'Diamond dust');
INSERT INTO public.weather_status (weather_status_id, weather_state) VALUES (12, 'Distant lightning');
INSERT INTO public.weather_status (weather_status_id, weather_state) VALUES (13, 'MISC');
INSERT INTO public.weather_status (weather_status_id, weather_state) VALUES (14, 'MISC');
INSERT INTO public.weather_status (weather_status_id, weather_state) VALUES (15, 'MISC');
INSERT INTO public.weather_status (weather_status_id, weather_state) VALUES (16, 'MISC');
INSERT INTO public.weather_status (weather_status_id, weather_state) VALUES (17, 'MISC');
INSERT INTO public.weather_status (weather_status_id, weather_state) VALUES (18, 'Squalls');
INSERT INTO public.weather_status (weather_status_id, weather_state) VALUES (19, 'Reserved');
INSERT INTO public.weather_status (weather_status_id, weather_state) VALUES (20, 'Fog');
INSERT INTO public.weather_status (weather_status_id, weather_state) VALUES (21, 'PRECIPITATION');
INSERT INTO public.weather_status (weather_status_id, weather_state) VALUES (22, 'Drizzle (not freezing) or snow grains');
INSERT INTO public.weather_status (weather_status_id, weather_state) VALUES (23, 'Rain (not freezing)');
INSERT INTO public.weather_status (weather_status_id, weather_state) VALUES (24, 'Snow');
INSERT INTO public.weather_status (weather_status_id, weather_state) VALUES (25, 'Freezing drizzle or freezing rain');
INSERT INTO public.weather_status (weather_status_id, weather_state) VALUES (26, 'Thunderstorm (with or without precipitation)');
INSERT INTO public.weather_status (weather_status_id, weather_state) VALUES (27, 'BLOWING OR DRIFTING SNOW OR SAND');
INSERT INTO public.weather_status (weather_status_id, weather_state) VALUES (28, 'Blowing or drifting snow or sand, visibility >= 1 km');
INSERT INTO public.weather_status (weather_status_id, weather_state) VALUES (29, 'Blowing or drifting snow or sand, visibility < 1 km');
INSERT INTO public.weather_status (weather_status_id, weather_state) VALUES (30, 'FOG');
INSERT INTO public.weather_status (weather_status_id, weather_state) VALUES (31, 'Fog or ice fog');
INSERT INTO public.weather_status (weather_status_id, weather_state) VALUES (32, 'Fog or ice fog');
INSERT INTO public.weather_status (weather_status_id, weather_state) VALUES (33, 'Fog or ice fog');
INSERT INTO public.weather_status (weather_status_id, weather_state) VALUES (34, 'Fog or ice fog');
INSERT INTO public.weather_status (weather_status_id, weather_state) VALUES (35, 'Fog, depositing rime');
INSERT INTO public.weather_status (weather_status_id, weather_state) VALUES (36, 'MISC');
INSERT INTO public.weather_status (weather_status_id, weather_state) VALUES (37, 'MISC');
INSERT INTO public.weather_status (weather_status_id, weather_state) VALUES (38, 'MISC');
INSERT INTO public.weather_status (weather_status_id, weather_state) VALUES (39, 'MISC');
INSERT INTO public.weather_status (weather_status_id, weather_state) VALUES (40, 'PRECIPITATION');
INSERT INTO public.weather_status (weather_status_id, weather_state) VALUES (41, 'Precipitation');
INSERT INTO public.weather_status (weather_status_id, weather_state) VALUES (42, 'Precipitation');
INSERT INTO public.weather_status (weather_status_id, weather_state) VALUES (43, 'Liquid precipitation');
INSERT INTO public.weather_status (weather_status_id, weather_state) VALUES (44, 'Liquid precipitation');
INSERT INTO public.weather_status (weather_status_id, weather_state) VALUES (45, 'Solid precipitation');
INSERT INTO public.weather_status (weather_status_id, weather_state) VALUES (46, 'Solid precipitation');
INSERT INTO public.weather_status (weather_status_id, weather_state) VALUES (47, 'Freezing precipitation');
INSERT INTO public.weather_status (weather_status_id, weather_state) VALUES (48, 'Freezing precipitation');
INSERT INTO public.weather_status (weather_status_id, weather_state) VALUES (49, 'Reserved');
INSERT INTO public.weather_status (weather_status_id, weather_state) VALUES (50, 'DRIZZLE');
INSERT INTO public.weather_status (weather_status_id, weather_state) VALUES (51, 'Drizzle, not freezing');
INSERT INTO public.weather_status (weather_status_id, weather_state) VALUES (52, 'Drizzle, not freezing');
INSERT INTO public.weather_status (weather_status_id, weather_state) VALUES (53, 'Drizzle, not freezing');
INSERT INTO public.weather_status (weather_status_id, weather_state) VALUES (54, 'Drizzle, freezing');
INSERT INTO public.weather_status (weather_status_id, weather_state) VALUES (55, 'Drizzle, freezing');
INSERT INTO public.weather_status (weather_status_id, weather_state) VALUES (56, 'Drizzle, freezing');
INSERT INTO public.weather_status (weather_status_id, weather_state) VALUES (57, 'Drizzle and rain');
INSERT INTO public.weather_status (weather_status_id, weather_state) VALUES (58, 'Drizzle and rain');
INSERT INTO public.weather_status (weather_status_id, weather_state) VALUES (59, 'Reserved');
INSERT INTO public.weather_status (weather_status_id, weather_state) VALUES (60, 'RAIN');
INSERT INTO public.weather_status (weather_status_id, weather_state) VALUES (61, 'Rain, not freezing');
INSERT INTO public.weather_status (weather_status_id, weather_state) VALUES (62, 'Rain, not freezing');
INSERT INTO public.weather_status (weather_status_id, weather_state) VALUES (63, 'Rain, not freezing');
INSERT INTO public.weather_status (weather_status_id, weather_state) VALUES (64, 'Rain, freezing');
INSERT INTO public.weather_status (weather_status_id, weather_state) VALUES (65, 'Rain, freezing');
INSERT INTO public.weather_status (weather_status_id, weather_state) VALUES (66, 'Rain, freezing');
INSERT INTO public.weather_status (weather_status_id, weather_state) VALUES (67, 'Rain (or drizzle) and snow');
INSERT INTO public.weather_status (weather_status_id, weather_state) VALUES (68, 'Rain (or drizzle) and snow');
INSERT INTO public.weather_status (weather_status_id, weather_state) VALUES (69, 'Reserved');
INSERT INTO public.weather_status (weather_status_id, weather_state) VALUES (70, 'SNOW');
INSERT INTO public.weather_status (weather_status_id, weather_state) VALUES (71, 'Snow');
INSERT INTO public.weather_status (weather_status_id, weather_state) VALUES (72, 'Snow');
INSERT INTO public.weather_status (weather_status_id, weather_state) VALUES (73, 'Snow');
INSERT INTO public.weather_status (weather_status_id, weather_state) VALUES (74, 'Ice pellets');
INSERT INTO public.weather_status (weather_status_id, weather_state) VALUES (75, 'Ice pellets');
INSERT INTO public.weather_status (weather_status_id, weather_state) VALUES (76, 'Ice pellets');
INSERT INTO public.weather_status (weather_status_id, weather_state) VALUES (77, 'Snow grains');
INSERT INTO public.weather_status (weather_status_id, weather_state) VALUES (78, 'Ice crystals');
INSERT INTO public.weather_status (weather_status_id, weather_state) VALUES (79, 'Reserved');
INSERT INTO public.weather_status (weather_status_id, weather_state) VALUES (80, 'SHOWER(S) OR INTERMITTENT PRECIPITATION');
INSERT INTO public.weather_status (weather_status_id, weather_state) VALUES (81, 'Rain shower(s) or intermittent rain');
INSERT INTO public.weather_status (weather_status_id, weather_state) VALUES (82, 'Rain shower(s) or intermittent rain');
INSERT INTO public.weather_status (weather_status_id, weather_state) VALUES (83, 'Rain shower(s) or intermittent rain');
INSERT INTO public.weather_status (weather_status_id, weather_state) VALUES (84, 'Rain shower(s) or intermittent rain');
INSERT INTO public.weather_status (weather_status_id, weather_state) VALUES (85, 'Snow shower(s) or intermittent snow');
INSERT INTO public.weather_status (weather_status_id, weather_state) VALUES (86, 'Snow shower(s) or intermittent snow');
INSERT INTO public.weather_status (weather_status_id, weather_state) VALUES (87, 'Snow shower(s) or intermittent snow');
INSERT INTO public.weather_status (weather_status_id, weather_state) VALUES (88, 'Reserved');
INSERT INTO public.weather_status (weather_status_id, weather_state) VALUES (89, 'Hail');
INSERT INTO public.weather_status (weather_status_id, weather_state) VALUES (90, 'THUNDERSTORM');
INSERT INTO public.weather_status (weather_status_id, weather_state) VALUES (91, 'Thunderstorm, slight or moderate');
INSERT INTO public.weather_status (weather_status_id, weather_state) VALUES (92, 'Thunderstorm, slight or moderate');
INSERT INTO public.weather_status (weather_status_id, weather_state) VALUES (93, 'Thunderstorm, slight or moderate');
INSERT INTO public.weather_status (weather_status_id, weather_state) VALUES (94, 'Thunderstorm, heavy');
INSERT INTO public.weather_status (weather_status_id, weather_state) VALUES (95, 'Thunderstorm, heavy');
INSERT INTO public.weather_status (weather_status_id, weather_state) VALUES (96, 'Thunderstorm, heavy');
INSERT INTO public.weather_status (weather_status_id, weather_state) VALUES (97, 'MISC');
INSERT INTO public.weather_status (weather_status_id, weather_state) VALUES (98, 'MISC');
INSERT INTO public.weather_status (weather_status_id, weather_state) VALUES (99, 'Tornado');
INSERT INTO public.weather_status (weather_status_id, weather_state) VALUES (100, 'No significant weather observed');
INSERT INTO public.weather_status (weather_status_id, weather_state) VALUES (101, 'Clouds generally dissolving or becoming less developed');
INSERT INTO public.weather_status (weather_status_id, weather_state) VALUES (102, 'State of sky on the whole unchanged');
INSERT INTO public.weather_status (weather_status_id, weather_state) VALUES (103, 'Clouds generally forming or developing');
INSERT INTO public.weather_status (weather_status_id, weather_state) VALUES (104, 'Haze or smoke, or dust in suspension in the air, visibility >= 1 km');
INSERT INTO public.weather_status (weather_status_id, weather_state) VALUES (105, 'Haze or smoke, or dust in suspension in the air, visibility < 1 km');
INSERT INTO public.weather_status (weather_status_id, weather_state) VALUES (106, 'MISC');
INSERT INTO public.weather_status (weather_status_id, weather_state) VALUES (107, 'MISC');
INSERT INTO public.weather_status (weather_status_id, weather_state) VALUES (108, 'MISC');
INSERT INTO public.weather_status (weather_status_id, weather_state) VALUES (109, 'MISC');
INSERT INTO public.weather_status (weather_status_id, weather_state) VALUES (110, 'Mist');
INSERT INTO public.weather_status (weather_status_id, weather_state) VALUES (111, 'Diamond dust');
INSERT INTO public.weather_status (weather_status_id, weather_state) VALUES (112, 'Distant lightning');
INSERT INTO public.weather_status (weather_status_id, weather_state) VALUES (113, 'MISC');
INSERT INTO public.weather_status (weather_status_id, weather_state) VALUES (114, 'MISC');
INSERT INTO public.weather_status (weather_status_id, weather_state) VALUES (115, 'MISC');
INSERT INTO public.weather_status (weather_status_id, weather_state) VALUES (116, 'MISC');
INSERT INTO public.weather_status (weather_status_id, weather_state) VALUES (117, 'MISC');
INSERT INTO public.weather_status (weather_status_id, weather_state) VALUES (118, 'Squalls');
INSERT INTO public.weather_status (weather_status_id, weather_state) VALUES (119, 'Reserved');
INSERT INTO public.weather_status (weather_status_id, weather_state) VALUES (120, 'Fog');
INSERT INTO public.weather_status (weather_status_id, weather_state) VALUES (121, 'PRECIPITATION');
INSERT INTO public.weather_status (weather_status_id, weather_state) VALUES (122, 'Drizzle (not freezing) or snow grains');
INSERT INTO public.weather_status (weather_status_id, weather_state) VALUES (123, 'Rain (not freezing)');
INSERT INTO public.weather_status (weather_status_id, weather_state) VALUES (124, 'Snow');
INSERT INTO public.weather_status (weather_status_id, weather_state) VALUES (125, 'Freezing drizzle or freezing rain');
INSERT INTO public.weather_status (weather_status_id, weather_state) VALUES (126, 'Thunderstorm (with or without precipitation)');
INSERT INTO public.weather_status (weather_status_id, weather_state) VALUES (127, 'BLOWING OR DRIFTING SNOW OR SAND');
INSERT INTO public.weather_status (weather_status_id, weather_state) VALUES (128, 'Blowing or drifting snow or sand, visibility >= 1 km');
INSERT INTO public.weather_status (weather_status_id, weather_state) VALUES (129, 'Blowing or drifting snow or sand, visibility < 1 km');
INSERT INTO public.weather_status (weather_status_id, weather_state) VALUES (130, 'FOG');
INSERT INTO public.weather_status (weather_status_id, weather_state) VALUES (131, 'Fog or ice fog');
INSERT INTO public.weather_status (weather_status_id, weather_state) VALUES (132, 'Fog or ice fog');
INSERT INTO public.weather_status (weather_status_id, weather_state) VALUES (133, 'Fog or ice fog');
INSERT INTO public.weather_status (weather_status_id, weather_state) VALUES (134, 'Fog or ice fog');
INSERT INTO public.weather_status (weather_status_id, weather_state) VALUES (135, 'Fog, depositing rime');
INSERT INTO public.weather_status (weather_status_id, weather_state) VALUES (136, 'MISC');
INSERT INTO public.weather_status (weather_status_id, weather_state) VALUES (137, 'MISC');
INSERT INTO public.weather_status (weather_status_id, weather_state) VALUES (138, 'MISC');
INSERT INTO public.weather_status (weather_status_id, weather_state) VALUES (139, 'MISC');
INSERT INTO public.weather_status (weather_status_id, weather_state) VALUES (140, 'PRECIPITATION');
INSERT INTO public.weather_status (weather_status_id, weather_state) VALUES (141, 'Precipitation');
INSERT INTO public.weather_status (weather_status_id, weather_state) VALUES (142, 'Precipitation');
INSERT INTO public.weather_status (weather_status_id, weather_state) VALUES (143, 'Liquid precipitation');
INSERT INTO public.weather_status (weather_status_id, weather_state) VALUES (144, 'Liquid precipitation');
INSERT INTO public.weather_status (weather_status_id, weather_state) VALUES (145, 'Solid precipitation');
INSERT INTO public.weather_status (weather_status_id, weather_state) VALUES (146, 'Solid precipitation');
INSERT INTO public.weather_status (weather_status_id, weather_state) VALUES (147, 'Freezing precipitation');
INSERT INTO public.weather_status (weather_status_id, weather_state) VALUES (148, 'Freezing precipitation');
INSERT INTO public.weather_status (weather_status_id, weather_state) VALUES (149, 'Reserved');
INSERT INTO public.weather_status (weather_status_id, weather_state) VALUES (150, 'DRIZZLE');
INSERT INTO public.weather_status (weather_status_id, weather_state) VALUES (151, 'Drizzle, not freezing');
INSERT INTO public.weather_status (weather_status_id, weather_state) VALUES (152, 'Drizzle, not freezing');
INSERT INTO public.weather_status (weather_status_id, weather_state) VALUES (153, 'Drizzle, not freezing');
INSERT INTO public.weather_status (weather_status_id, weather_state) VALUES (154, 'Drizzle, freezing');
INSERT INTO public.weather_status (weather_status_id, weather_state) VALUES (155, 'Drizzle, freezing');
INSERT INTO public.weather_status (weather_status_id, weather_state) VALUES (156, 'Drizzle, freezing');
INSERT INTO public.weather_status (weather_status_id, weather_state) VALUES (157, 'Drizzle and rain');
INSERT INTO public.weather_status (weather_status_id, weather_state) VALUES (158, 'Drizzle and rain');
INSERT INTO public.weather_status (weather_status_id, weather_state) VALUES (159, 'Reserved');
INSERT INTO public.weather_status (weather_status_id, weather_state) VALUES (160, 'RAIN');
INSERT INTO public.weather_status (weather_status_id, weather_state) VALUES (161, 'Rain, not freezing');
INSERT INTO public.weather_status (weather_status_id, weather_state) VALUES (162, 'Rain, not freezing');
INSERT INTO public.weather_status (weather_status_id, weather_state) VALUES (163, 'Rain, not freezing');
INSERT INTO public.weather_status (weather_status_id, weather_state) VALUES (164, 'Rain, freezing');
INSERT INTO public.weather_status (weather_status_id, weather_state) VALUES (165, 'Rain, freezing');
INSERT INTO public.weather_status (weather_status_id, weather_state) VALUES (166, 'Rain, freezing');
INSERT INTO public.weather_status (weather_status_id, weather_state) VALUES (167, 'Rain (or drizzle) and snow');
INSERT INTO public.weather_status (weather_status_id, weather_state) VALUES (168, 'Rain (or drizzle) and snow');
INSERT INTO public.weather_status (weather_status_id, weather_state) VALUES (169, 'Reserved');
INSERT INTO public.weather_status (weather_status_id, weather_state) VALUES (170, 'SNOW');
INSERT INTO public.weather_status (weather_status_id, weather_state) VALUES (171, 'Snow');
INSERT INTO public.weather_status (weather_status_id, weather_state) VALUES (172, 'Snow');
INSERT INTO public.weather_status (weather_status_id, weather_state) VALUES (173, 'Snow');
INSERT INTO public.weather_status (weather_status_id, weather_state) VALUES (174, 'Ice pellets');
INSERT INTO public.weather_status (weather_status_id, weather_state) VALUES (175, 'Ice pellets');
INSERT INTO public.weather_status (weather_status_id, weather_state) VALUES (176, 'Ice pellets');
INSERT INTO public.weather_status (weather_status_id, weather_state) VALUES (177, 'Snow grains');
INSERT INTO public.weather_status (weather_status_id, weather_state) VALUES (178, 'Ice crystals');
INSERT INTO public.weather_status (weather_status_id, weather_state) VALUES (179, 'Reserved');
INSERT INTO public.weather_status (weather_status_id, weather_state) VALUES (180, 'SHOWER(S) OR INTERMITTENT PRECIPITATION');
INSERT INTO public.weather_status (weather_status_id, weather_state) VALUES (181, 'Rain shower(s) or intermittent rain');
INSERT INTO public.weather_status (weather_status_id, weather_state) VALUES (182, 'Rain shower(s) or intermittent rain');
INSERT INTO public.weather_status (weather_status_id, weather_state) VALUES (183, 'Rain shower(s) or intermittent rain');
INSERT INTO public.weather_status (weather_status_id, weather_state) VALUES (184, 'Rain shower(s) or intermittent rain');
INSERT INTO public.weather_status (weather_status_id, weather_state) VALUES (185, 'Snow shower(s) or intermittent snow');
INSERT INTO public.weather_status (weather_status_id, weather_state) VALUES (186, 'Snow shower(s) or intermittent snow');
INSERT INTO public.weather_status (weather_status_id, weather_state) VALUES (187, 'Snow shower(s) or intermittent snow');
INSERT INTO public.weather_status (weather_status_id, weather_state) VALUES (188, 'Reserved');
INSERT INTO public.weather_status (weather_status_id, weather_state) VALUES (189, 'Hail');
INSERT INTO public.weather_status (weather_status_id, weather_state) VALUES (190, 'THUNDERSTORM');
INSERT INTO public.weather_status (weather_status_id, weather_state) VALUES (191, 'Thunderstorm, slight or moderate');
INSERT INTO public.weather_status (weather_status_id, weather_state) VALUES (192, 'Thunderstorm, slight or moderate');
INSERT INTO public.weather_status (weather_status_id, weather_state) VALUES (193, 'Thunderstorm, slight or moderate');
INSERT INTO public.weather_status (weather_status_id, weather_state) VALUES (194, 'Thunderstorm, heavy');
INSERT INTO public.weather_status (weather_status_id, weather_state) VALUES (195, 'Thunderstorm, heavy');
INSERT INTO public.weather_status (weather_status_id, weather_state) VALUES (196, 'Thunderstorm, heavy');
INSERT INTO public.weather_status (weather_status_id, weather_state) VALUES (197, 'MISC');
INSERT INTO public.weather_status (weather_status_id, weather_state) VALUES (198, 'MISC');
INSERT INTO public.weather_status (weather_status_id, weather_state) VALUES (199, 'Tornado');
